{"cameraMode":{"drawMode":0,"name":"Shaded","section":"Shading Mode"},"sceneLighting":true,"audioPlay":false,"sceneViewState":{"showFog":true,"showMaterialUpdate":false,"showSkybox":true,"showFlares":true,"showImageEffects":true,"showParticleSystems":true},"in2DMode":false,"pivot":{"x":-2.800537109375,"y":3.759521484375,"z":12.91607666015625},"rotation":{"x":-0.14170154929161073,"y":-0.755997359752655,"z":0.17421965301036836,"w":-0.6148601174354553},"size":2.108003854751587,"orthographic":true}