{"cameraMode":{"drawMode":0,"name":"Shaded","section":"Shading Mode"},"sceneLighting":false,"audioPlay":false,"sceneViewState":{"showFog":true,"showMaterialUpdate":false,"showSkybox":true,"showFlares":true,"showImageEffects":true,"showParticleSystems":true},"in2DMode":false,"pivot":{"x":0.4139258861541748,"y":0.7846206426620483,"z":-2.402738332748413},"rotation":{"x":-0.13664057850837708,"y":0.7356694936752319,"z":-0.15588700771331788,"w":-0.6448404788970947},"size":1.5073950290679932,"orthographic":false}