{"cameraMode":{"drawMode":0,"name":"Shaded","section":"Shading Mode"},"sceneLighting":true,"audioPlay":false,"sceneViewState":{"showFog":true,"showMaterialUpdate":false,"showSkybox":true,"showFlares":true,"showImageEffects":true,"showParticleSystems":true},"in2DMode":false,"pivot":{"x":2.304840087890625,"y":-0.01788330078125,"z":-1.07080078125},"rotation":{"x":0.16995792090892793,"y":-0.04964768514037132,"z":0.008553695864975453,"w":0.9841945767402649},"size":0.915221095085144,"orthographic":true}