{"cameraMode":{"drawMode":0,"name":"Shaded","section":"Shading Mode"},"sceneLighting":true,"audioPlay":false,"sceneViewState":{"showFog":true,"showMaterialUpdate":false,"showSkybox":true,"showFlares":true,"showImageEffects":true,"showParticleSystems":true},"in2DMode":false,"pivot":{"x":4.331275939941406,"y":0.4945068359375,"z":-1.77716064453125},"rotation":{"x":0.031127087771892549,"y":-0.9556959867477417,"z":0.10941541194915772,"w":0.2716030478477478},"size":5.444969177246094,"orthographic":true}