{"cameraMode":{"drawMode":0,"name":"Shaded","section":"Shading Mode"},"sceneLighting":true,"audioPlay":false,"sceneViewState":{"showFog":true,"showMaterialUpdate":false,"showSkybox":true,"showFlares":true,"showImageEffects":true,"showParticleSystems":true},"in2DMode":false,"pivot":{"x":3.05615234375,"y":1.347412109375,"z":-4.9788818359375},"rotation":{"x":0.14615494012832642,"y":-0.6377313137054443,"z":0.12496457993984223,"w":0.7458720803260803},"size":2.140144109725952,"orthographic":true}