{"cameraMode":{"drawMode":0,"name":"Shaded","section":"Shading Mode"},"sceneLighting":true,"audioPlay":false,"sceneViewState":{"showFog":true,"showMaterialUpdate":false,"showSkybox":true,"showFlares":true,"showImageEffects":true,"showParticleSystems":true},"in2DMode":false,"pivot":{"x":4.331275939941406,"y":0.4945068359375,"z":-1.77716064453125},"rotation":{"x":0.1863125115633011,"y":0.03153076767921448,"z":-0.0059999083168804649,"w":0.9819979667663574},"size":0.09974022209644318,"orthographic":true}