{"cameraMode":{"drawMode":0,"name":"Shaded","section":"Shading Mode"},"sceneLighting":true,"audioPlay":false,"sceneViewState":{"showFog":true,"showMaterialUpdate":false,"showSkybox":true,"showFlares":true,"showImageEffects":true,"showParticleSystems":true},"in2DMode":false,"pivot":{"x":2.063232421875,"y":0.6053466796875,"z":-3.2252197265625},"rotation":{"x":0.164287731051445,"y":-0.7331446409225464,"z":0.19064576923847199,"w":0.6318158507347107},"size":1.6527528762817383,"orthographic":true}