{"cameraMode":{"drawMode":0,"name":"Shaded","section":"Shading Mode"},"sceneLighting":true,"audioPlay":false,"sceneViewState":{"showFog":true,"showMaterialUpdate":false,"showSkybox":true,"showFlares":true,"showImageEffects":true,"showParticleSystems":true},"in2DMode":false,"pivot":{"x":-1.7937312126159669,"y":-0.4581298828125,"z":-4.524580001831055},"rotation":{"x":0.06825941801071167,"y":-0.8836475014686585,"z":0.1362631767988205,"w":0.4426535367965698},"size":3.2125942707061769,"orthographic":false}