{"cameraMode":{"drawMode":0,"name":"Shaded","section":"Shading Mode"},"sceneLighting":true,"audioPlay":false,"sceneViewState":{"showFog":true,"showMaterialUpdate":false,"showSkybox":true,"showFlares":true,"showImageEffects":true,"showParticleSystems":true},"in2DMode":false,"pivot":{"x":1.75537109375,"y":0.9662284851074219,"z":-4.1172637939453129},"rotation":{"x":-0.09544279426336289,"y":0.7794906497001648,"z":-0.12259675562381745,"w":-0.6068422794342041},"size":2.2751197814941408,"orthographic":true}