{"cameraMode":{"drawMode":0,"name":"Shaded","section":"Shading Mode"},"sceneLighting":true,"audioPlay":false,"sceneViewState":{"showFog":true,"showMaterialUpdate":false,"showSkybox":true,"showFlares":true,"showImageEffects":true,"showParticleSystems":true},"in2DMode":false,"pivot":{"x":0.424713134765625,"y":-0.098175048828125,"z":-0.91943359375},"rotation":{"x":-0.0164839755743742,"y":0.9826340675354004,"z":-0.15001915395259858,"w":-0.10802251100540161},"size":2.7461888790130617,"orthographic":true}