{"cameraMode":{"drawMode":0,"name":"Shaded","section":"Shading Mode"},"sceneLighting":true,"audioPlay":false,"sceneViewState":{"showFog":true,"showMaterialUpdate":false,"showSkybox":true,"showFlares":true,"showImageEffects":true,"showParticleSystems":true},"in2DMode":false,"pivot":{"x":-0.820953369140625,"y":1.5885009765625,"z":-0.83984375},"rotation":{"x":0.16995792090892793,"y":-0.04964768514037132,"z":0.008553695864975453,"w":0.9841945767402649},"size":1.9396228790283204,"orthographic":true}